paragraph_number,name,start_offset,end_offset,left_context,right_context,full_context
12,Archbishop,1143,1153,the,of Yorke,the Archbishop of Yorke
12,Doctor,1236,1242,"Heth,",in Diuinitie,"Heth, Doctor in Diuinitie"
12,Elizabeth,180,189,Queene,.,Queene Elizabeth .
12,Elizabeth,646,655,Ladie,sister,Ladie Elizabeth sister
12,Nicholas,1221,1229,name was,Heth,name was Nicholas Heth
12,Queene,173,179,,Elizabeth,Queene Elizabeth
12,Queene,258,264,,Mary,Queene Mary
12,Queene,676,682,sayde,to,sayde Queene to
14,Duke,2185,2189,witte the,of Norffolke,witte the Duke of Norffolke
14,Elizabeth,570,579,Ladie,", second","Ladie Elizabeth , second"
14,Elizabeth,1082,1091,Ladie,Queene,Ladie Elizabeth Queene
14,Elizabeth,1248,1257,Queene,", long","Queene Elizabeth , long"
14,Elizabeth,1275,1284,Queene,raigne,Queene Elizabeth raigne
14,Elizabeth,1712,1721,Ladie,proclaymed,Ladie Elizabeth proclaymed
14,Elizabeth,1853,1862,"tytle,",by the,"tytle, Elizabeth by the"
14,Elizabeth,2713,2722,Ladie Q.,began,Ladie Q. Elizabeth began
14,Erle,2246,2250,the,of Oxforde,the Erle of Oxforde
14,Ferdinando,3029,3039,Empire of,the first,Empire of Ferdinando the first
14,Henrie,665,671,King,the eight,King Henrie the eight
14,Henrie,3150,3156,raigne of,the,raigne of Henrie the
14,lord Maior,2461,2471,of the,and,of the lord Maior and
14,Marie,256,261,Queene,", which","Queene Marie , which"
14,Marie,3252,3257,raigne of,Q.,raigne of Marie Q.
14,Queene,249,255,Ladie,Marie,Ladie Queene Marie
14,Queene,729,735,late,", of whose","late Queene , of whose"
14,Queene,1092,1098,Elizabeth,of thys,Elizabeth Queene of thys
14,Queene,1241,1247,saue,Elizabeth,saue Queene Elizabeth
14,Queene,1268,1274,long may,Elizabeth,long may Queene Elizabeth
14,Queene,1754,1760,,. in most,Queene . in most
14,Queene,1803,1809,newe,", by thys","newe Queene , by thys"
14,Queene,1883,1889,of God,of England,of God Queene of England
15,Archbishop,199,209,and,of Canterburie,and Archbishop of Canterburie
15,Marie,136,141,Poole.,", Reginalde","Poole. Marie , Reginalde"
19,Iames,141,146,Sainte,", vnto","Sainte Iames , vnto"
19,Queene,75,81,,Mary,Queene Mary
19,Queene,196,202,Westminster.,Mary,Westminster. Queene Mary
20,Henry,345,350,King,the seuenth,King Henry the seuenth
21,Charles,228,235,for,the seuenth,for Charles the seuenth
22,Philip,813,819,King,,King Philip
22,Queene,39,45,of the,of Fraunce,of the Queene of Fraunce
22,Queene,265,271,,Leonore,Queene Leonore
22,Queene,503,509,"Mary,",of Hu,"Mary, Queene of Hu"
22,Queene,560,566,of the,of,of the Queene of
22,Queene,956,962,"Mary,",of Hungary,"Mary, Queene of Hungary"
22,Queene,1015,1021,"Mary,",of England,"Mary, Queene of England"
26,Lord Maior,191,201,,", according","Lord Maior , according"
27,Lord Maior,155,165,the,and Aldermen,the Lord Maior and Aldermen
29,Elizabeth,242,251,Lady,by the,Lady Elizabeth by the
29,Queene,272,278,of God,,of God Queene
29,Queene,3966,3972,their,", and","their Queene , and"
33,Edwarde,202,209,King,the,King Edwarde the
33,Elizabeth,165,174,,his wife,Elizabeth his wife
33,Elizabeth,556,565,Queene,", being","Queene Elizabeth , being"
33,Elizabeth,1653,1662,Ladye Q.,that,Ladye Q. Elizabeth that
33,Henry,121,126,King,the seuenth,King Henry the seuenth
33,Henry,400,405,Kyng,the,Kyng Henry the
33,Henry,1576,1581,King,the eyght,King Henry the eyght
33,Prince,1344,1350,noble,Kyng,noble Prince Kyng
33,Queene,549,555,which was,Elizabeth,which was Queene Elizabeth
33,Queene,1541,1547,Ladye,Anne,Ladye Queene Anne
33,Queene,1789,1795,King and,",","King and Queene ,"
34,Elizabeth,283,292,Maiestie,", now","Maiestie Elizabeth , now"
37,Elizabeth,192,201,when,", daughter","when Elizabeth , daughter"
37,Elizabeth,394,403,name was,", and","name was Elizabeth , and"
37,Elizabeth,579,588,lyke as,,lyke as Elizabeth
37,Elizabeth,658,667,another,",  mighte","another Elizabeth ,  mighte"
37,Henry,449,454,heire of,the eyght,heire of Henry the eyght
44,Queene,502,508,to the,and,to the Queene and
59,Iohn,1192,1196,commaunding Sir,Parrat,commaunding Sir Iohn Parrat
59,Sir,1188,1191,commaunding,Iohn,commaunding Sir Iohn
60,Lord Maior,671,681,that the,his breethren,that the Lord Maior his breethren
60,Maister,246,253,worshipfull,Ranulph,worshipfull Maister Ranulph
60,Maister,528,535,"golde, as",,"golde, as Maister"
60,Queene,926,932,gracious,", and","gracious Queene , and"
60,Queene,1516,1522,Lady and,", bee","Lady and Queene , bee"
60,Queene,1600,1606,euer,was to,euer Queene was to
64,Iohn,216,220,by Sir,Parrat,by Sir Iohn Parrat
64,Queene,266,272,the,. But,the Queene . But
64,Sir,212,215,whyche by,Iohn,whyche by Sir Iohn
71,Prince,308,314,noble,", which","noble Prince , which"
73,Queene,1089,1095,as a,,as a Queene
76,Edwarde,2061,2068,King,the sixt,King Edwarde the sixt
76,Henrie,1892,1898,king,the eight,king Henrie the eight
76,Prince,1880,1886,noble,king,noble Prince king
81,Queene,99,105,,",  At","Queene ,  At"
83,Queene,301,307,gracious a,and soueraigne,gracious a Queene and soueraigne
85,Henrie,147,153,king,the eight,king Henrie the eight
86,Queene,300,306,good a,",","good a Queene ,"
90,Prince,383,389,noble,", in","noble Prince , in"
93,Prince,615,621,,", which","Prince , which"
95,Bishop,153,159,Oglthorpe,of Carleil,Oglthorpe Bishop of Carleil
95,doctor,136,142,"there, by",Oglthorpe,"there, by doctor Oglthorpe"
96,Edwarde,76,83,,Dimmocke,Edwarde Dimmocke
96,Edwarde,98,105,sir,Dimmocke,sir Edwarde Dimmocke
96,knight,115,121,Dimmocke,hir Champion,Dimmocke knight hir Champion
96,Queene,489,495,lawfull,of,lawfull Queene of
96,Queene,534,540,The,taking,The Queene taking
96,Sir,51,54,"dinner,",,"dinner, Sir"
96,sir,94,97,Dimmocke.,Edwarde,Dimmocke. sir Edwarde
97,Queene,47,53,serueth the,of Ipocrasse,serueth the Queene of Ipocrasse
97,Queene,243,249,to the,", and","to the Queene , and"
99,Doctor,339,345,Robes.,Coxe,Robes. Doctor Coxe
99,Edwarde,400,407,King,the sixt,King Edwarde the sixt
99,Marie,562,567,Queene,he had,Queene Marie he had
99,Queene,555,561,dayes of,Marie,dayes of Queene Marie
100,Queene,266,272,which,Mary,which Queene Mary
103,Prince,935,941,the,", the","the Prince , the"
103,Queene,4668,4674,that a,", hauing","that a Queene , hauing"
104,Elizabeth,323,332,Queene,", they","Queene Elizabeth , they"
104,Queene,122,128,persecution in,Maries,persecution in Queene Maries
104,Queene,316,322,Princesse,Elizabeth,Princesse Queene Elizabeth
105,maister,39,46,one of,Hunnings,one of maister Hunnings
107,Doctor,103,109,Spittell,Bill,Spittell Doctor Bill
107,doctor,131,137,Tuesday,Coxe,Tuesday doctor Coxe
107,Doctor,183,189,Wednesday,Horne,Wednesday Doctor Horne
107,Queene,332,338,seas all,Maries,seas all Queene Maries
108,Lord Maior,71,81,when the,and Alderme,when the Lord Maior and Alderme
108,Lord Maior,254,264,wherevpon the,sent,wherevpon the Lord Maior sent
108,maister,14,21,Sunday,Sampson,Sunday maister Sampson
109,Bishop,524,530,vnto the,of London,vnto the Bishop of London
110,Iohn,745,749,Iugge and,Cawood,Iugge and Iohn Cawood
110,Richarde,726,734,imprinted by,Iugge,imprinted by Richarde Iugge
113,Abbot,7948,7953,was the,of Westminster,was the Abbot of Westminster
113,Abbot,9164,9169,sauing the,of Westmynster,sauing the Abbot of Westmynster
113,Archbishop,1104,1114,with the,of Yorke,with the Archbishop of Yorke
113,Bishop,3723,3729,,of Wynchester,Bishop of Wynchester
113,Bishop,7032,7038,,of Winchester,Bishop of Winchester
113,Doctor,3771,3777,appointed,Cole,appointed Doctor Cole
113,Maister,6483,6490,which,Horne,which Maister Horne
113,Robert,4888,4894,by one,,by one Robert
120,Byshop,66,72,the,of Arras,the Byshop of Arras
120,Duke,26,30,the,of Alua,the Duke of Alua
120,Earle,121,126,Silua,of Mellito,Silua Earle of Mellito
120,Knight,183,189,"Zwichem,",& presidente,"Zwichem, Knight & presidente"
120,Prince,44,50,the,of Orange,the Prince of Orange
121,Andrew,231,237,Saint,", the","Saint Andrew , the"
121,Byshop,243,249,the,of Orleans,the Byshop of Orleans
122,Byshop,31,37,the,of Elie,the Byshop of Elie
122,Doctor,151,157,"Queene,",Nicholas,"Queene, Doctor Nicholas"
122,Howard,65,71,William,Baron,William Howard Baron
122,Nicholas,158,166,Doctor,Wutton,Doctor Nicholas Wutton
122,Queene,8,14,For the,of England,For the Queene of England
122,Queene,143,149,sayde,", Doctor","sayde Queene , Doctor"
122,William,57,64,Lorde,Howard,Lorde William Howard
123,Christierna,161,172,there was,,there was Christierna
123,Duke,8,12,For the,of Sauoy,For the Duke of Sauoy
123,Duke,234,238,yong,", whiche","yong Duke , whiche"
123,Erle,38,42,were the,of Stropiana,were the Erle of Stropiana
126,Iohn,4,8,Sir,Mason,Sir Iohn Mason
126,Iohn,27,31,"Knighte,Sir",Mason,"Knighte,Sir Iohn Mason"
126,Sir,0,3,,Iohn,Sir Iohn
126,Sir,23,26,"Knighte,",Iohn,"Knighte, Sir Iohn"
127,Iohn,59,63,sayde Sir,Mason,sayde Sir Iohn Mason
127,Queene,479,485,Dolphin and,of Scottes,Dolphin and Queene of Scottes
127,Sir,55,58,sayde,Iohn,sayde Sir Iohn
130,Marques,371,378,Lorde,of Northampton,Lorde Marques of Northampton
130,Queene,263,269,late,Maries,late Queene Maries
131,Edward,901,907,king,", as of","king Edward , as of"
131,Queene,926,932,sister,Mary,sister Queene Mary
132,Edward,288,294,King,.,King Edward .
138,Archbishop,24,34,"also, ye",of Yorke,"also, ye Archbishop of Yorke"
141,Doctor,72,78,Horne,of,Horne Doctor of
141,Doctor,111,117,"Diuinitie,",Huic,"Diuinitie, Doctor Huic"
141,maister,139,146,and,Sauage,and maister Sauage
141,Richarde,30,38,appointed Sir,Sackuille,appointed Sir Richarde Sackuille
141,Roberte,58,65,"Knighte,",Horne,"Knighte, Roberte Horne"
141,Sir,26,29,appointed,Richarde,appointed Sir Richarde
143,Byshop,485,491,elect,,elect Byshop
143,Doctor,456,462,commaundemente of,Grindall,commaundemente of Doctor Grindall
143,Doctor,521,527,"London,","May,","London, Doctor May,"
143,gray,337,341,their,Amises,their gray Amises
143,Iohn,177,181,Mary and,", standing","Mary and Iohn , standing"
145,Counte,636,642,against the,de Montgomerie,against the Counte de Montgomerie
145,Duke,538,542,"Philibert,",of Sauoy,"Philibert, Duke of Sauoy"
145,Margaret,484,492,Lady,of,Lady Margaret of
145,Philibert,527,536,and,", Duke","and Philibert , Duke"
147,Bishop,266,272,in the,of Londons,in the Bishop of Londons
147,Byshop,80,86,Barlow,of Chichester,Barlow Byshop of Chichester
147,Doctor,0,6,,Parker,Doctor Parker
147,Doctor,48,54,"elect,",,"elect, Doctor"
147,Doctor,112,118,and,Scory,and Doctor Scory
148,Marques,28,35,was the,of Winchester,was the Marques of Winchester
149,Byshop,140,146,"Grindall,",of London,"Grindall, Byshop of London"
149,Doctor,78,84,preached by,Scory,preached by Doctor Scory
149,Doctor,105,111,place of,,place of Doctor
150,Bishop,295,301,in the,of Londons,in the Bishop of Londons
152,Queene,89,95,and the,,and the Queene
152,Queene,309,315,And the,resisting,And the Queene resisting
152,Queene,563,569,sayde,",Frenchmen","sayde Queene ,Frenchmen"
152,Queene,952,958,vnto the,of  Englande,vnto the Queene of  Englande
153,Duke,314,318,of the,of,of the Duke of
153,Queene,360,366,to the,of Fraunce,to the Queene of Fraunce
153,Queene,475,481,foresayd,", as might","foresayd Queene , as might"
155,Queene,209,215,how the,of Scottes,how the Queene of Scottes
156,Duke,73,77,the,of,the Duke of
157,maister,12,19,"firste,",William,"firste, maister William"
157,Sir,35,38,"Winter,",William,"Winter, Sir William"
157,William,20,27,maister,Winter,maister William Winter
157,William,39,46,"Winter,Sir",Winter,"Winter,Sir William Winter"
159,George,129,135,,Howard,George Howard
159,Howard,136,142,George,departed,George Howard departed
159,Iames,23,28,Sir,Croft,Sir Iames Croft
159,Iames,89,94,,Croft,Iames Croft
159,Sir,19,22,,Iames,Sir Iames
159,Sir,67,70,"March,",,"March, Sir"
159,Sir,107,110,and,,and Sir
163,Iames,4,9,Sir,Crofte,Sir Iames Crofte
163,Sir,0,3,,Iames,Sir Iames
165,George,4,10,Sir,Howard,Sir George Howard
165,Howard,11,17,George,", generall","George Howard , generall"
165,Sir,0,3,,George,Sir George
166,Barnaby,8,15,Maister,Fitz,Maister Barnaby Fitz
166,Maister,0,7,,Barnaby,Maister Barnaby
167,Henry,4,9,Sir,Percy,Sir Henry Percy
167,Sir,0,3,,Henry,Sir Henry
168,Thomas,0,6,,Hugghens,Thomas Hugghens
169,maister,14,21,"Gower,",of the,"Gower, maister of the"
169,Thomas,0,6,,Gower,Thomas Gower
170,Maister,0,7,,William,Maister William
170,William,8,15,Maister,Pelham,Maister William Pelham
171,Edward,0,6,,Randol,Edward Randol
172,Maister,0,7,,Thomas,Maister Thomas
172,Thomas,8,14,Maister,Bourrough,Maister Thomas Bourrough
173,Cutbert,8,15,Maister,Vaughan,Maister Cutbert Vaughan
173,Maister,0,7,,Cutbert,Maister Cutbert
174,Maister,0,7,,Williams,Maister Williams
174,maister,22,29,and,Cornewall,and maister Cornewall
176,Iames,4,9,Sir,Croft,Sir Iames Croft
176,Lard,72,76,,of Whitlayes,Lard of Whitlayes
176,Sir,0,3,,Iames,Sir Iames
181,Iames,4,9,Sir,Croftes,Sir Iames Croftes
181,Lard,64,68,at the,of Cockburnes,at the Lard of Cockburnes
181,Sir,0,3,,Iames,Sir Iames
183,Earle,110,115,with the,of Arrayne,with the Earle of Arrayne
183,Earle,148,153,"Iames,The",of Arraine,"Iames,The Earle of Arraine"
183,Iames,18,23,Sir,Croft,Sir Iames Croft
183,Iames,138,143,Lorde,",The Earle","Lorde Iames ,The Earle"
183,Lard,253,257,"Kirkaudy,",of Grange,"Kirkaudy, Lard of Grange"
183,maister,193,200,the,,the maister
183,Priour,166,172,Arraine.,of S,Arraine. Priour of S
183,Sir,14,17,"euening,",Iames,"euening, Sir Iames"
183,sir,231,234,"Maxwell,",William,"Maxwell, sir William"
183,William,235,242,sir,Kirkaudy,sir William Kirkaudy
185,Abbot,729,734,the,of Saint,the Abbot of Saint
185,Abbot,779,784,the,of Cultos,the Abbot of Cultos
185,Byshop,705,711,the,of Galloway,the Byshop of Galloway
185,Duke,181,185,"Church,The",of Chateau,"Church,The Duke of Chateau"
185,Earle,384,389,the,of Arrayne,the Earle of Arrayne
185,George,101,107,,Howard,George Howard
185,Howard,108,114,George,", with","George Howard , with"
185,Iames,50,55,Sir,Croft,Sir Iames Croft
185,Iames,514,519,the L.,Prior,the L. Iames Prior
185,Lard,660,664,the,of Ormston,the Lard of Ormston
185,Lard,800,804,the,of Pettirowe,the Lard of Pettirowe
185,Lard,823,827,the,of Cunnyngha,the Lard of Cunnyngha
185,Lard,851,855,the,of Grange,the Lard of Grange
185,maister,637,644,the,of Maxwel,the maister of Maxwel
185,maister,681,688,the,of Lindsey,the maister of Lindsey
185,Sir,46,49,"Grey,",Iames,"Grey, Sir Iames"
185,sir,79,82,"Scrope,",,"Scrope, sir"
186,William,198,205,of one,Atkinson,of one William Atkinson
188,Abbot,252,257,of ye,of Dunfernes,of ye Abbot of Dunfernes
188,Earle,339,344,where ye,of,where ye Earle of
188,George,108,114,Sir,Howard,Sir George Howard
188,Howard,115,121,George,", Sir","George Howard , Sir"
188,Iames,52,57,sir,Croft,sir Iames Croft
188,Iames,389,394,Lorde,Steward,Lorde Iames Steward
188,sir,48,51,"Grey,",Iames,"Grey, sir Iames"
188,Sir,104,107,"Scrope,",George,"Scrope, Sir George"
188,Sir,123,126,"Howard,",Henrye,"Howard, Sir Henrye"
191,Archebalde,153,163,"Stewarde,",Cambell,"Stewarde, Archebalde Cambell"
191,duke,46,50,to the,of Chateau,to the duke of Chateau
191,Earle,230,235,to the,of Monteith,to the Earle of Monteith
191,Earle,297,302,to the,of Glencarne,to the Earle of Glencarne
191,George,195,201,"Loughennell,",Gream,"Loughennell, George Gream"
191,Iames,137,142,Lorde,Stewarde,Lorde Iames Stewarde
191,Iames,249,254,"Monteith,",Coningham,"Monteith, Iames Coningham"
191,Robert,73,79,"reault,",,"reault, Robert"
193,Duke,104,108,the,of,the Duke of
193,Duke,651,655,with the,", and","with the Duke , and"
193,Earle,174,179,the,of,the Earle of
193,Erle,153,157,the,of Arrayne,the Erle of Arrayne
193,George,542,548,,Howard,George Howard
193,Henry,565,570,and Sir,Percye,and Sir Henry Percye
193,Howard,549,555,George,", and","George Howard , and"
193,Iames,239,244,,", Prior","Iames , Prior"
193,Iames,491,496,Sir,Croft,Sir Iames Croft
193,Sir,487,490,"Grey,",Iames,"Grey, Sir Iames"
193,Sir,520,523,"Scroupe,",,"Scroupe, Sir"
193,Sir,561,564,and,Henry,and Sir Henry
194,Duke,229,233,where the,and Scottishe,where the Duke and Scottishe
195,George,243,249,Sir,Howard,Sir George Howard
195,Howard,250,256,George,", and","George Howard , and"
195,Iames,226,231,of Sir,Croft,of Sir Iames Croft
195,Queene,40,46,the,regents,the Queene regents
195,Sir,222,225,repaire of,Iames,repaire of Sir Iames
195,Sir,239,242,"Croft,",George,"Croft, Sir George"
195,Trombull,26,34,"thither,",", the","thither, Trombull , the"
196,duke,214,218,,of Chateau,duke of Chateau
196,George,142,148,and fit,Howard,and fit George Howard
196,Howard,149,155,George,", went","George Howard , went"
196,Iames,121,126,"Lieutenant,Sir",Croft,"Lieutenant,Sir Iames Croft"
196,Queene,180,186,with the,. and,with the Queene . and
196,Queene,309,315,,as then,Queene as then
196,Sir,117,120,"Lieutenant,",Iames,"Lieutenant, Sir Iames"
197,maister,21,28,them,Somersette,them maister Somersette
197,maister,41,48,"Somersette,",Pelham,"Somersette, maister Pelham"
198,coronell,545,553,"Marigues,",of the,"Marigues, coronell of the"
198,Counte,507,513,and the,,and the Counte
198,Queene,41,47,with the,", although","with the Queene , although"
198,Queene,188,194,sayd,ought,sayd Queene ought
199,Queene,419,425,to the,Dowager,to the Queene Dowager
200,maister,94,101,,and mistresse,maister and mistresse
209,George,43,49,and Sir,Howard,and Sir George Howard
209,Howard,50,56,George,", returned","George Howard , returned"
209,Iames,22,27,Sir,Croft,Sir Iames Croft
209,Queene,75,81,from ye,regent,from ye Queene regent
209,Sir,18,21,"euening,",Iames,"euening, Sir Iames"
209,Sir,39,42,and,George,and Sir George
211,George,35,41,Sir,Howard,Sir George Howard
211,Henry,76,81,,Percy,Henry Percy
211,Howard,42,48,George,", and","George Howard , and"
211,Iames,18,23,Sir,Croft,Sir Iames Croft
211,Queene,153,159,the,Dowager,the Queene Dowager
211,Sir,14,17,"day,",Iames,"day, Sir Iames"
211,Sir,31,34,"Croft,",George,"Croft, Sir George"
211,Sir,54,57,and,,and Sir
212,Nicholas,106,114,of S.,Steeple,of S. Nicholas Steeple
212,Nicholas,129,137,Saint,Steeple,Saint Nicholas Steeple
219,maister,97,104,surrendred to,Winter,surrendred to maister Winter
220,Iames,128,133,Maister,Hamelton,Maister Iames Hamelton
220,Maister,120,127,deliuered to,Iames,deliuered to Maister Iames
223,Maurice,642,649,"artillerie,",Barkley,"artillerie, Maurice Barkley"
223,Maurice,687,694,master,Barklry,master Maurice Barklry
224,Brian,0,5,,Fitz,Brian Fitz
225,Iames,43,48,sir,Croft,sir Iames Croft
225,sir,39,42,"Camp,",Iames,"Camp, sir Iames"
227,Arthur,124,130,maister,Grey,maister Arthur Grey
227,maister,116,123,and,Arthur,and maister Arthur
228,Arthur,25,31,Maister,Grey,Maister Arthur Grey
228,Arthur,72,78,maister,Grey,maister Arthur Grey
228,Maister,17,24,"charge,",Arthur,"charge, Maister Arthur"
228,maister,64,71,hurt.,Arthur,hurt. maister Arthur
232,Andrewe,206,213,Sir,Corbet,Sir Andrewe Corbet
232,Arthur,285,291,Sir,Manwering,Sir Arthur Manwering
232,Dauid,435,440,and,Morris,and Dauid Morris
232,Edwarde,376,383,maister,Littleton,maister Edwarde Littleton
232,Frauncis,349,357,maister,Tunstall,maister Frauncis Tunstall
232,Laurence,307,315,Sir,Smith,Sir Laurence Smith
232,maister,341,348,,Frauncis,maister Frauncis
232,maister,368,375,"Tunstall,",Edwarde,"Tunstall, maister Edwarde"
232,Philippe,413,421,"Caruell,",Sturley,"Caruell, Philippe Sturley"
232,Rowland,226,233,Sir,Stanley,Sir Rowland Stanley
232,Sir,202,205,"Captaynes,",Andrewe,"Captaynes, Sir Andrewe"
232,Sir,222,225,"Corbet,",Rowland,"Corbet, Sir Rowland"
232,Sir,243,246,"Stanley,",,"Stanley, Sir"
232,Sir,281,284,"Hesketh,",Arthur,"Hesketh, Sir Arthur"
232,Sir,303,306,"Manwering,",Laurence,"Manwering, Sir Laurence"
232,Thomas,265,271,,Hesketh,Thomas Hesketh
233,Franncis,85,93,Sir,Looke,Sir Franncis Looke
233,Iohn,105,109,Sir,Forster,Sir Iohn Forster
233,Nicholas,127,135,and sir,Strange,and sir Nicholas Strange
233,Rause,49,54,Sir,,Sir Rause
233,Sir,45,48,"horsmen,",Rause,"horsmen, Sir Rause"
233,Sir,81,84,"Sadler,",Franncis,"Sadler, Sir Franncis"
233,Sir,101,104,"Looke,",Iohn,"Looke, Sir Iohn"
233,sir,123,126,and,Nicholas,and sir Nicholas
234,maister,121,128,"nighte,",Winter,"nighte, maister Winter"
238,Gerneys,376,383,Sir,Clifton,Sir Gerneys Clifton
238,Sir,372,375,Towne.,Gerneys,Towne. Sir Gerneys
240,Bishop,102,108,the,of Valence,the Bishop of Valence
240,Byshop,23,29,The,of Valence,The Byshop of Valence
240,Henry,173,178,with Sir,Percy,with Sir Henry Percy
240,Iames,283,288,Sir,Croft,Sir Iames Croft
240,Monluc,126,132,named,", accompanyed","named Monluc , accompanyed"
240,Raufe,322,327,and Sir,Sadler,and Sir Raufe Sadler
240,Sir,169,172,with,Henry,with Sir Henry
240,Sir,279,282,"Lieutenant,",Iames,"Lieutenant, Sir Iames"
240,Sir,318,321,and,Raufe,and Sir Raufe
241,Queene,242,248,with the,Dowager,with the Queene Dowager
243,Nicholas,603,611,of S.,Churche,of S. Nicholas Churche
245,Queene,56,62,with the,Dowager,with the Queene Dowager
248,maister,26,33,yong,Browne,yong maister Browne
251,Iames,506,511,"sharpely,",Hamilton,"sharpely, Iames Hamilton"
251,Iames,604,609,retyre,Hamilton,retyre Iames Hamilton
253,Henrie,120,126,vnder sir,Percie,vnder sir Henrie Percie
253,Lard,143,147,and the,of Grange,and the Lard of Grange
253,sir,116,119,vnder,Henrie,vnder sir Henrie
259,maister,684,691,planted and,Markham,planted and maister Markham
260,Bishop,137,143,The,of Valence,The Bishop of Valence
260,duke,301,305,to the,of Norffolk,to the duke of Norffolk
260,George,213,219,night sir,Howarde,night sir George Howarde
260,Richard,379,386,with sir,"Lee,","with sir Richard Lee,"
260,sir,209,212,night,George,night sir George
260,sir,375,378,with,Richard,with sir Richard
265,Brian,66,71,Iohn,,Iohn Brian
265,Iohn,61,65,same day,Brian,same day Iohn Brian
278,Earle,13,18,day the,of Arguyle,day the Earle of Arguyle
278,Earle,96,101,e,of Arguyle,e Earle of Arguyle
282,George,144,150,Sir,Howard,Sir George Howard
282,Henrie,281,287,and sir,Percie,and sir Henrie Percie
282,Howard,151,157,George,,George Howard
282,Sir,140,143,fields.,George,fields. Sir George
282,sir,277,280,and,Henrie,and sir Henrie
284,Maister,519,526,"Hesketh,",Sutton,"Hesketh, Maister Sutton"
284,Maister,535,542,"Sutton,",Newporte,"Sutton, Maister Newporte"
284,maister,553,560,"Newporte,",,"Newporte, maister"
284,Thomas,503,509,,Hesketh,Thomas Hesketh
284,Thomas,602,608,"Wood,",Fitton,"Wood, Thomas Fitton"
286,George,51,57,sir,Howarde,sir George Howarde
286,Richarde,93,101,,Lee departed,Richarde Lee departed
286,sir,47,50,"Noone,",George,"Noone, sir George"
286,sir,71,74,and,,and sir
289,Maister,44,51,"May,",Inglebie,"May, Maister Inglebie"
292,Frauncis,121,129,sir,Leake,sir Frauncis Leake
292,Sir,19,22,,Fraunces,Sir Fraunces
292,sir,117,120,"May,",Frauncis,"May, sir Frauncis"
295,Frauncis,24,32,maister,Somerset,maister Frauncis Somerset
295,maister,16,23,"night,",Frauncis,"night, maister Frauncis"
297,Sir,19,22,,Peter,Sir Peter
297,sir,64,67,"May,",Peter,"May, sir Peter"
300,Iohn,33,37,sir,Neuill,sir Iohn Neuill
300,Queene,268,274,"Iune,The",Dowager,"Iune,The Queene Dowager"
300,Queene,321,327,day the,Dowager,day the Queene Dowager
300,sir,29,32,"Iune,",Iohn,"Iune, sir Iohn"
301,bishop,386,392,and the,of Valence,and the bishop of Valence
301,Doctor,174,180,and,Wotton,and Doctor Wotton
301,Marie,493,498,wife,Queene,wife Marie Queene
301,Queene,499,505,Marie,of Scotland,Marie Queene of Scotland
301,sir,20,23,"Iune,",William,"Iune, sir William"
301,William,24,31,sir,Cicill,sir William Cicill
303,doctor,142,148,,Wotton,doctor Wotton
303,Doctor,224,230,Secretarie and,Wotton,Secretarie and Doctor Wotton
303,maister,201,208,,Secretarie,maister Secretarie
303,Sir,98,101,"Edenbourgh,",William,"Edenbourgh, Sir William"
303,William,102,109,"Edenbourgh,Sir",Cicil,"Edenbourgh,Sir William Cicil"
308,Scattergood,19,30,,Gunner,Scattergood Gunner
308,Scattergood,107,118,one,an Englishman,one Scattergood an Englishman
309,Gerueys,377,384,sent sir,Clifton,sent sir Gerueys Clifton
309,Gray,36,40,Lord,L. Lieutenant,Lord Gray L. Lieutenant
309,Iohn,590,594,and sir,Neuill,and sir Iohn Neuill
309,maister,56,63,"Lieutenant,",Secretarie,"Lieutenant, maister Secretarie"
309,Raufe,110,115,sir,Sadler,sir Raufe Sadler
309,sir,105,108,and,Raufe,and sir Raufe
309,sir,373,376,sent,Gerueys,sent sir Gerueys
309,sir,586,589,and,Iohn,and sir Iohn
310,Bishop,359,365,the,of Amiens,the Bishop of Amiens
310,Francis,174,181,sir,Leake,sir Francis Leake
310,Gerueys,195,202,sir,Clifton,sir Gerueys Clifton
310,sir,170,173,"Iune,",Francis,"Iune, sir Francis"
310,sir,191,194,"Leake, &",Gerueys,"Leake, & sir Gerueys"
311,Elizabeth,110,119,"princesse,",by the,"princesse, Elizabeth by the"
311,Francis,279,286,"king,",", and","king, Francis , and"
311,Marie,292,297,and,", by the","and Marie , by the"
311,Queene,162,168,,of England,Queene of England
311,Queene,354,360,,of Fraunce,Queene of Fraunce
312,Francis,49,56,"ended,Sir",Leake,"ended,Sir Francis Leake"
312,Francis,116,123,sir,Leake,sir Francis Leake
312,Gerueys,72,79,and sir,Clifton,and sir Gerueys Clifton
312,Gerueys,139,146,and sir,Clifton,and sir Gerueys Clifton
312,Sir,45,48,"ended,",Francis,"ended, Sir Francis"
312,sir,68,71,and,Gerueys,and sir Gerueys
312,sir,112,115,Doysel.,Francis,Doysel. sir Francis
312,sir,135,138,and,Gerueys,and sir Gerueys
313,Earle,955,960,honourable the,of Warwike,honourable the Earle of Warwike
313,Iohn,748,752,Abridgemets of,Stow,Abridgemets of Iohn Stow
313,Richard,762,769,Stow and,Grafton,Stow and Richard Grafton
314,Ludouico,376,384,"dayes, as",Guiciardini,"dayes, as Ludouico Guiciardini"
314,Queene,1238,1244,,of Fraunce,Queene of Fraunce
319,Edwarde,290,297,King,the sixt,King Edwarde the sixt
319,Edwarde,760,767,King,embased,King Edwarde embased
319,Henrie,245,251,King,,King Henrie
324,Emanuell,316,324,worshipfull,Lucar,worshipfull Emanuell Lucar
324,Iohn,361,365,"Merick,",Sparke,"Merick, Iohn Sparke"
324,maister,65,72,by the,",","by the maister ,"
324,maister,426,433,beeing,and wardens,beeing maister and wardens
324,Robert,332,338,"Lucar,",Rose,"Lucar, Robert Rose"
324,Robert,378,384,and,,and Robert
324,William,345,352,"Rose,",Merick,"Rose, William Merick"
325,Iohn,344,348,professed one,Moore,professed one Iohn Moore
325,Iohn,646,650,pped.,Moore,pped. Iohn Moore
325,Iohn,810,814,sayde,Moore,sayde Iohn Moore
325,Iohn,1224,1228,was,Moore,was Iohn Moore
325,William,86,93,,Gef,William Gef
325,William,179,186,was one,Geffrey,was one William Geffrey
325,William,461,468,"foloweth,",Geffrey,"foloweth, William Geffrey"
325,William,1263,1270,and,Geffrey,and William Geffrey
327,William,0,7,,Gef,William Gef
332,maister,391,398,Schoole,", there","Schoole maister , there"
332,William,69,76,named,,named William
337,duke,389,393,that the,of Guise,that the duke of Guise
337,Henrie,1221,1227,"warre,Sir",Sydney,"warre,Sir Henrie Sydney"
337,Henrie,1299,1305,ouer Sir,Sydney,ouer Sir Henrie Sydney
337,Prince,254,260,and the,of Condee,and the Prince of Condee
337,Sir,1217,1220,"warre,",Henrie,"warre, Sir Henrie"
337,Sir,1295,1298,ouer,Henrie,ouer Sir Henrie
342,Queene,42,48,King and,mother,King and Queene mother
343,Ambrose,132,139,Lorde,Dudley,Lorde Ambrose Dudley
343,Dudley,140,146,Ambrose,Earle,Ambrose Dudley Earle
343,Earle,147,152,Dudley,of Warwike,Dudley Earle of Warwike
344,Earle,19,24,sayd,",The Earle","sayd Earle ,The Earle"
344,Earle,29,34,"Earle,The",of Warwike,"Earle,The Earle of Warwike"
344,Earle,1876,1881,"Newhauen,The",of,"Newhauen,The Earle of"
345,maister,221,228,,Killigrues,maister Killigrues
346,Adrian,257,263,there Sir,Poynings,there Sir Adrian Poynings
346,Adrian,423,429,sayde Sir,his othe,sayde Sir Adrian his othe
346,Cutbert,484,491,sworne,Vaughan,sworne Cutbert Vaughan
346,Earle,38,43,the,of Warwikes,the Earle of Warwikes
346,Iohn,513,517,"Comptroller,",Fisher,"Comptroller, Iohn Fisher"
346,Knight,333,339,officers.,Marshall,officers. Knight Marshall
346,Knight,526,532,Fisher,porter,Fisher Knight porter
346,maister,577,584,Bromfield,of the,Bromfield maister of the
346,Sir,253,256,there,Adrian,there Sir Adrian
346,Sir,419,422,sayde,Adrian,sayde Sir Adrian
346,Thomas,665,671,Captayne,Wood,Captayne Thomas Wood
346,William,541,548,"porter,",,"porter, William"
346,William,602,609,"ordinace,",,"ordinace, William"
347,Earle,40,45,the,of Warwike,the Earle of Warwike
347,Knight,67,73,with the,,with the Knight
348,Earle,308,313,of the,of Warwike,of the Earle of Warwike
349,Maister,0,7,,Comptrollers,Maister Comptrollers
351,Frauncis,97,105,belonging to,Clearke,belonging to Frauncis Clearke
352,Adrian,1081,1087,him Sir,Poinings,him Sir Adrian Poinings
352,Earle,1404,1409,"Reingraue,The",of Warwike,"Reingraue,The Earle of Warwike"
352,Sir,1077,1080,before him,Adrian,before him Sir Adrian
353,Duke,160,164,the,of Guise,the Duke of Guise
368,Duke,47,51,that the,Daumale,that the Duke Daumale
372,William,278,285,and,Twedie,and William Twedie
374,Iohn,79,83,"Portesmouth,Sir",Portinatie,"Portesmouth,Sir Iohn Portinatie"
374,Iohn,178,182,came Sir,Portinarie,came Sir Iohn Portinarie
374,maister,396,403,perfect,in that,perfect maister in that
374,Sir,75,78,"Portesmouth,",Iohn,"Portesmouth, Sir Iohn"
374,Sir,174,177,came,Iohn,came Sir Iohn
376,Iohn,18,22,"daye,Sir",More,"daye,Sir Iohn More"
376,Iohn,117,121,Sir,More,Sir Iohn More
376,Sir,14,17,"daye,",Iohn,"daye, Sir Iohn"
376,Sir,113,116,Deuonshire.,Iohn,Deuonshire. Sir Iohn
377,Earle,172,177,to the,of,to the Earle of
377,Edwarde,272,279,and,Ormesby,and Edwarde Ormesby
377,Frauncis,136,144,that,Somersette,that Frauncis Somersette
378,Edward,118,124,Captayne,Horsey,Captayne Edward Horsey
378,Frauncis,66,74,Captayne,,Captayne Frauncis
380,Counte,557,563,to the,Montgomeri,to the Counte Montgomeri
380,Dudley,105,111,Edwarde,. passed,Edwarde Dudley . passed
380,Dudley,165,171,Edwarde,", and","Edwarde Dudley , and"
380,Edwarde,97,104,"Frenche,",Dudley,"Frenche, Edwarde Dudley"
380,Edwarde,157,164,"Hra,",Dudley,"Hra, Edwarde Dudley"
380,Iohn,186,190,Captayne,Ward,Captayne Iohn Ward
381,Duke,302,306,by ye,Daumale,by ye Duke Daumale
382,Counte,381,387,of the,,of the Counte
382,Earle,71,76,the,of,the Earle of
386,Counte,32,38,the,Montgomerie,the Counte Montgomerie
386,Sir,56,59,and,Hugh,and Sir Hugh
388,Erle,86,90,noble,of Warwike,noble Erle of Warwike
388,William,427,434,"dayes,",Lorde,"dayes, William Lorde"
389,Counte,39,45,the,de Montgomerie,the Counte de Montgomerie
390,Earle,76,81,to the,,to the Earle
390,Nicholas,43,51,belonging to,Musby,belonging to Nicholas Musby
397,Edward,23,29,Captayne,Horsey,Captayne Edward Horsey
397,Francis,82,89,Captaine,Blont,Captaine Francis Blont
404,Dudley,128,134,Edward,", and","Edward Dudley , and"
404,Edward,121,127,Captaine,Dudley,Captaine Edward Dudley
404,Iohn,100,104,,Warde,Iohn Warde
406,Francis,73,80,,Clearke,Francis Clearke
406,Frauncis,34,42,"Ianuary,",Clearke,"Ianuary, Frauncis Clearke"
410,Francis,102,109,belonging to,Clearke,belonging to Francis Clearke
420,Earle,123,128,to the,o Warwike,to the Earle o Warwike
422,knight,210,216,Throckmorton,arriued,Throckmorton knight arriued
422,Nicholas,117,125,,Throckmorton,Nicholas Throckmorton
422,Nicholas,187,195,sir,Throckmorton,sir Nicholas Throckmorton
422,Sir,92,95,"Caen,",,"Caen, Sir"
422,sir,183,186,&,Nicholas,& sir Nicholas
423,Marques,46,53,The,Dalbeul,The Marques Dalbeul
423,Marques,246,253,enclosed the,Dalbeuf,enclosed the Marques Dalbeuf
425,Iohn,386,390,Captayne,Warde,Captayne Iohn Warde
425,Knight,92,98,Throckmorton,", Monsieur","Throckmorton Knight , Monsieur"
425,maister,455,462,and,Wheler,and maister Wheler
425,Nicholas,70,78,Sir,Throckmorton,Sir Nicholas Throckmorton
425,Sir,66,69,"February,",Nicholas,"February, Sir Nicholas"
426,Counte,21,27,as the,Montgomerie,as the Counte Montgomerie
426,maister,605,612,Captayne and,flayne,Captayne and maister flayne
428,Marques,778,785,,Dalbeuf,Marques Dalbeuf
431,Nicholas,732,740,Captayne,with,Captayne Nicholas with
434,Adrian,23,29,sir,Poynings,sir Adrian Poynings
434,Adrian,94,100,Sir,Poynings,Sir Adrian Poynings
434,Knight,110,116,Poynings,", Marshall","Poynings Knight , Marshall"
434,Prince,1018,1024,of the,of Conde,of the Prince of Conde
434,sir,19,22,,Adrian,sir Adrian
434,Sir,90,93,,Adrian,Sir Adrian
439,knight,210,216,Paulet,met with,Paulet knight met with
439,maister,476,483,"other,",,"other, maister"
439,Sir,194,197,where,Hugh,where Sir Hugh
441,Duke,1402,1406,after the,of Guise,after the Duke of Guise
441,Iohn,3028,3032,sir,Portinary,sir Iohn Portinary
441,Iohn,3455,3459,Captayne,Warde,Captayne Iohn Warde
441,sir,3024,3027,"built,",Iohn,"built, sir Iohn"
442,Earle,287,292,,of Warwike,Earle of Warwike
449,Francis,137,144,Sainte,", and","Sainte Francis , and"
451,coronell,215,223,Bassompeere.,ouer,Bassompeere. coronell ouer
454,Dudley,27,33,Edward,. Captaine,Edward Dudley . Captaine
454,Dudley,52,58,Edwarde,arriued,Edwarde Dudley arriued
454,Edward,20,26,"Iune,",Dudley,"Iune, Edward Dudley"
454,Edwarde,44,51,Captaine,Dudley,Captaine Edwarde Dudley
457,Edward,35,41,Randoll.,,Randoll. Edward
457,Knight,116,122,to be,Marshall,to be Knight Marshall
458,Adrian,35,41,that Sir,Poynings,that Sir Adrian Poynings
458,Iames,980,985,,Wentworth,Iames Wentworth
458,Iohn,1001,1005,and,Wentworth,and Iohn Wentworth
458,Knight,58,64,being,Marshal,being Knight Marshal
458,Knight,318,324,roointh of,,roointh of Knight
458,maister,1560,1567,the,and marriners,the maister and marriners
458,Sir,31,34,that,Adrian,that Sir Adrian
458,Sir,195,198,"agayne,",Thomas,"agayne, Sir Thomas"
458,Sir,245,248,,Thomas,Sir Thomas
458,Sir,1384,1387,"towardes Rie,",Thomas,"towardes Rie, Sir Thomas"
458,Thomas,199,205,"agayne,Sir",Finche,"agayne,Sir Thomas Finche"
458,Thomas,249,255,Sir,Finche,Sir Thomas Finche
458,Thomas,505,511,kinsman,Finch,kinsman Thomas Finch
458,Thomas,1388,1394,"Rie,Sir",Finch,"Rie,Sir Thomas Finch"
459,Sir,17,20,body of,Thomas,body of Sir Thomas
459,Thomas,21,27,of Sir,Finche,of Sir Thomas Finche
460,Edward,55,61,"Gentleman,",Randoll,"Gentleman, Edward Randoll"
460,Edwarde,81,88,sayde,Randoll,sayde Edwarde Randoll
460,Iohn,218,222,,Shute,Iohn Shute
460,Knight,129,135,appoynted,Marshall,appoynted Knight Marshall
461,Richarde,31,39,Captayne,Sanders,Captayne Richarde Sanders
461,William,104,111,Captayne,Saul,Captayne William Saul
462,Francis,90,97,"Knolles,Sir",Knolles,"Knolles,Sir Francis Knolles"
462,Frauncis,69,77,,Knolles,Frauncis Knolles
462,Sir,47,50,"Thursday,",,"Thursday, Sir"
462,Sir,86,89,"Knolles,",Francis,"Knolles, Sir Francis"
474,Ferdinando,374,384,,Liggens,Ferdinando Liggens
474,Iohn,410,414,"Sturley,",Highfielde,"Sturley, Iohn Highfielde"
474,Philip,394,400,"Liggens,",Sturley,"Liggens, Philip Sturley"
482,maister,236,243,"Bromfielde,",of the,"Bromfielde, maister of the"
482,William,17,24,"euening,",Robinson,"euening, William Robinson"
482,William,63,70,killed.,Bromfield,killed. William Bromfield
482,William,91,98,was,Robinson,was William Robinson
482,William,216,223,&,Bromfielde,& William Bromfielde
483,Sir,72,75,men.,Hugh,men. Sir Hugh
487,Sir,19,22,,Hugh,Sir Hugh
487,sir,65,68,appoynted,Hugh,appoynted sir Hugh
488,Sir,144,147,sayde,Hugh,sayde Sir Hugh
492,Cutbert,24,31,"also,",Vaughan,"also, Cutbert Vaughan"
492,Cutbert,101,108,prayse.,Vaughan,prayse. Cutbert Vaughan
494,maister,180,187,Richelieu,of the,Richelieu maister of the
495,maister,32,39,"Richelieu,",of the,"Richelieu, maister of the"
497,maister,107,114,great,of the,great maister of the
501,Duke,44,48,and e,of etpencier,and e Duke of etpencier
501,Duke,101,105,and the,of Montpensier,and the Duke of Montpensier
501,Prince,23,29,The,of ade,The Prince of ade
501,Prince,76,82,daye the,of Coude,daye the Prince of Coude
502,Prince,197,203,by the,,by the Prince
505,Earle,77,82,worthy,of Warwike,worthy Earle of Warwike
505,Earle,185,190,of the,of Warwike,of the Earle of Warwike
507,William,185,192,"Iuly, M.",,"Iuly, M. William"
508,maister,11,18,that,P haue,that maister P haue
509,Iohn,404,408,Captaine,Shute,Captaine Iohn Shute
509,Maurice,184,191,where Sir,Deuys,where Sir Maurice Deuys
509,Nicholas,455,463,,Malby,Nicholas Malby
509,Sir,180,183,where,Maurice,where Sir Maurice
509,Sir,326,329,Connestable.,Hugh,Connestable. Sir Hugh
510,Earle,67,72,The,of Warwike,The Earle of Warwike
510,Earle,125,130,valiaunte,of Warwike,valiaunte Earle of Warwike
512,Earle,114,119,that the,of Warwike,that the Earle of Warwike
514,Earle,54,59,sayd,should,sayd Earle should
514,Earle,308,313,,of Warwike,Earle of Warwike
514,Earle,590,595,sayde,shoulde,sayde Earle shoulde
515,Erle,73,77,sayd,,sayd Erle
517,Earle,66,71,saide,of,saide Earle of
517,Queene,209,215,to the,of Englande,to the Queene of Englande
518,Earle,49,54,sayd,", as the","sayd Earle , as the"
520,Earle,102,107,the,of Rutlande,the Earle of Rutlande
520,maister,46,53,to bee,Oliuer,to bee maister Oliuer
521,Earle,71,76,and,of,and Earle of
522,Earle,9,14,Thus the,of Warwike,Thus the Earle of Warwike
523,Earle,257,262,by the,of Warwike,by the Earle of Warwike
523,Queene,126,132,King and,mother,King and Queene mother
524,Edward,348,354,where of,Randolfe,where of Edward Randolfe
526,Cutbert,127,134,chiefe.,Vaughan,chiefe. Cutbert Vaughan
526,Earle,219,224,the,of Worcester,the Earle of Worcester
526,Edwarde,340,347,"Zouch,",Ormesby,"Zouch, Edwarde Ormesby"
526,Frauncis,169,177,"towne,",Somerset,"towne, Frauncis Somerset"
526,Iohn,282,286,"Darcie,",Zouch,"Darcie, Iohn Zouch"
526,Iohn,422,426,"Croker,",Cockson,"Croker, Iohn Cockson"
526,Iohn,452,456,"Remishe,",Prowde,"Remishe, Iohn Prowde"
526,Richard,406,413,"Poignard,",Croker,"Poignard, Richard Croker"
526,Thomas,357,363,"Ormesby,",Drurie,"Ormesby, Thomas Drurie"
526,Thomas,436,442,"Cockson,",Remishe,"Cockson, Thomas Remishe"
526,William,465,472,"Prowde,",Saul,"Prowde, William Saul"
527,Andrew,201,207,,", Captayne","Andrew , Captayne"
527,maister,259,266,with,Robynson,with maister Robynson
527,maister,279,286,"Robynson, &",Bromfield,"Robynson, & maister Bromfield"
527,Nicholas,170,178,"byrth,",and,"byrth, Nicholas and"
527,Richard,237,244,,Sanders,Richard Sanders
530,Philip,21,27,King,at Bruxels,King Philip at Bruxels
532,Iohn,559,563,Wherefore Sir,Whight,Wherefore Sir Iohn Whight
532,sir,130,133,signified to,Thomas,signified to sir Thomas
532,Sir,555,558,Wherefore,Iohn,Wherefore Sir Iohn
532,Thomas,134,140,to sir,Lodge,to sir Thomas Lodge
539,Henrie,68,74,honourable Sir,Carie,honourable Sir Henrie Carie
539,Sir,64,67,honourable,Henrie,honourable Sir Henrie
542,Queene,168,174,"Cambridge,The",a progresse,"Cambridge,The Queene a progresse"
545,Ferdinando,76,86,,the Emperor,Ferdinando the Emperor
545,Ferdinando,206,216,for,late,for Ferdinando late
549,Earle,160,165,Mathew,of Lineux,Mathew Earle of Lineux
549,Henrie,19,25,,Stuart,Henrie Stuart
549,Henrie,80,86,"Februarie,",Stuart,"Februarie, Henrie Stuart"
549,Marie,503,508,maried,Queene,maried Marie Queene
549,Queene,509,515,Marie,of Scotlande,Marie Queene of Scotlande
550,Doctor,175,181,"Garter,",Wotton,"Garter, Doctor Wotton"
550,doctor,250,256,"Counsaile,",Haddon,"Counsaile, doctor Haddon"
550,Doctor,354,360,Maister,Aubrey,Maister Doctor Aubrey
550,knight,129,135,Montacute,of the,Montacute knight of the
550,Maister,346,353,"other,",Doctor,"other, Maister Doctor"
551,Francis,337,344,by Sir,Knolles,by Sir Francis Knolles
551,Margaret,147,155,Ladie,cou,Ladie Margaret cou
551,Sir,333,336,conueyed by,Francis,conueyed by Sir Francis
556,Archbishop,1073,1083,the,of,the Archbishop of
556,Duke,1126,1130,and the,of Norffolke,and the Duke of Norffolke
556,Earle,648,653,,of Bedfords,Earle of Bedfords
556,Marques,56,63,Margraue or,of Baden,Margraue or Marques of Baden
556,Prince,11,17,Christofor,and Margraue,Christofor Prince and Margraue
556,Queene,1196,1202,Christning the,gaue,Christning the Queene gaue
557,Ambrose,97,104,Warwike.,Earle,Warwike. Ambrose Earle
557,Earle,79,84,,of Warwike,Earle of Warwike
557,Earle,105,110,Ambrose,of Warwike,Ambrose Earle of Warwike
557,Earle,158,163,to the,of Bedforde,to the Earle of Bedforde
558,Erle,236,240,sayde,of Warwike,sayde Erle of Warwike
558,maister,132,139,"Thomas,",Gunner,"Thomas, maister Gunner"
558,Robert,70,76,"seruiceable man,",Thomas,"seruiceable man, Robert Thomas"
558,Robert,117,123,,Thomas,Robert Thomas
558,Thomas,77,83,Robert,slaine,Robert Thomas slaine
558,Thomas,124,130,Robert,", maister","Robert Thomas , maister"
560,Charles,239,246,king,the,king Charles the
560,Duke,620,624,Thomas,of Norffolke,Thomas Duke of Norffolke
560,Earle,650,655,Robert,of Leycester,Robert Earle of Leycester
560,knight,143,149,Rambulet a,of the,Rambulet a knight of the
560,Robert,643,649,and,Earle,and Robert Earle
560,Thomas,613,619,inuested,Duke,inuested Thomas Duke
563,Marques,4,11,The,of Baden,The Marques of Baden
563,Marques,78,85,"wife,The",of Baden,"wife,The Marques of Baden"
563,Marques,591,598,the,a few,the Marques a few
564,knight,645,651,Gresham,", agent","Gresham knight , agent"
564,sir,626,629,worshipfull,Thomas,worshipfull sir Thomas
564,Thomas,630,636,worshipfull sir,Gresham,worshipfull sir Thomas Gresham
566,maister,857,864,made by,Edwardes,made by maister Edwardes
567,Prince,316,322,learned a,",","learned a Prince ,"
567,Queene,48,54,the,at the,the Queene at the
570,Edward,22,28,Captaine,Randolfe,Captaine Edward Randolfe
571,Charles,64,71,ened.,Iames,ened. Charles Iames
571,Charles,441,448,"were,",king,"were, Charles king"
571,duke,498,502,Philibert,of Sauoy,Philibert duke of Sauoy
571,Henrie,111,117,sonne to,Stuart,sonne to Henrie Stuart
571,Iames,72,77,Charles,", the","Charles Iames , the"
571,Marie,165,170,and,", King","and Marie , King"
571,Philibert,488,497,and,duke,and Philibert duke
571,prince,44,50,ng,Scottes,ng prince Scottes
571,Queene,181,187,King and,of Scottes,King and Queene of Scottes
572,Henrie,168,174,"morning,",Stuart,"morning, Henrie Stuart"
575,Margaret,35,43,Ladie,Dowglas,Ladie Margaret Dowglas
576,Edwarde,196,203,first,Bankes,first Edwarde Bankes
576,Richard,345,352,sir,Mallorie,sir Richard Mallorie
576,Richarde,269,277,1566.,Chamberlaine,1566. Richarde Chamberlaine
576,Richarde,439,447,then,Lambert,then Richarde Lambert
576,sir,305,308,"sherife,",Martin,"sherife, sir Martin"
576,sir,341,344,,Richard,sir Richard
576,sir,363,366,"Mallorie,",William,"Mallorie, sir William"
576,sir,386,389,and,Thomas,and sir Thomas
576,Thomas,390,396,and sir,,and sir Thomas
576,William,367,374,sir,Hewet,sir William Hewet
580,Henrie,394,400,of sir,Sidney,of sir Henrie Sidney
580,knight,408,414,Sidney,of the,Sidney knight of the
580,sir,390,393,foresight of,Henrie,foresight of sir Henrie
582,Erle,167,171,Thomas,of Sussex,Thomas Erle of Sussex
582,Henrie,500,506,"knight,",Cobham,"knight, Henrie Cobham"
582,knight,187,193,.&c.,of the,.&c. knight of the
582,knight,492,498,Mildmay,", Henrie","Mildmay knight , Henrie"
582,sir,452,455,"North,",,"North, sir"
582,Thomas,160,166,honourable,Erle,honourable Thomas Erle
582,Thomas,477,483,,Mildmay,Thomas Mildmay
583,Earle,73,78,sayde,,sayde Earle
584,Charles,67,74,"Vienna,",Archeduke,"Vienna, Charles Archeduke"
585,Earle,183,188,sayde,of Sussex,sayde Earle of Sussex
585,Earle,1188,1193,sayde,supped,sayde Earle supped
585,Henrie,101,107,,Brooke,Henrie Brooke
585,knight,484,490,Dethicke,", alias","Dethicke knight , alias"
585,maister,75,82,Englande by,,Englande by maister
585,sir,463,466,"Garter,",Gylbert,"Garter, sir Gylbert"
585,William,587,594,and,,and William
586,Charles,343,350,Archeduke,", and","Archeduke Charles , and"
588,Philip,576,582,king,. And,king Philip . And
588,William,415,422,,Holstocke,William Holstocke
589,Iohn,283,287,and,Basing,and Iohn Basing
589,Thomas,343,349,and,,and Thomas
589,William,71,78,sayde,,sayde William
589,William,182,189,being,Wynter,being William Wynter
591,Archbishop,103,113,Yong,of,Yong Archbishop of
591,bishop,41,47,,of r,bishop of r
591,Thomas,91,97,deceassed,Yong,deceassed Thomas Yong
594,Philip,215,221,"Ianuarie,",Mestrell,"Ianuarie, Philip Mestrell"
600,Lord Maior,80,90,Thomas Roe,of London,Thomas Roe Lord Maior of London
600,Sir,65,68,prepared.,Thomas,prepared. Sir Thomas
600,Thomas,69,75,prepared.Sir,Roe Lord,prepared.Sir Thomas Roe Lord
601,Iohn,59,63,and sir,White,and sir Iohn White
601,Lord Maior,122,132,as the,should,as the Lord Maior should
601,sir,55,58,and,Iohn,and sir Iohn
602,Andrew,23,29,"August,",Gregorruiche,"August, Andrew Gregorruiche"
604,Duke,20,24,"October,",of Norffolke,"October, Duke of Norffolke"
604,duke,71,75,Howard,of Norffolke,Howard duke of Norffolke
604,Henrie,251,257,sir,Neuill,sir Henrie Neuill
604,Howard,64,70,Thomas,duke,Thomas Howard duke
604,sir,247,250,"prisoner,",Henrie,"prisoner, sir Henrie"
604,Thomas,57,63,Tower.,Howard,Tower. Thomas Howard
605,Lord Maior,15,25,yeare the,of London,yeare the Lord Maior of London
606,Charles,1080,1087,with,,with Charles
606,Earle,119,124,,of Northumberland,Earle of Northumberland
606,Earle,1022,1027,night the,departed,night the Earle departed
606,Earle,1106,1111,,of Westmerlande,Earle of Westmerlande
606,maister,650,657,and,Vanghan,and maister Vanghan
606,sir,608,611,to be,,to be sir
606,Thomas,87,93,rebelled.,Percey,rebelled. Thomas Percey
612,George,182,188,sir,Bowes,sir George Bowes
612,Robert,200,206,and,Bowes,and Robert Bowes
612,sir,178,181,,George,sir George
613,Earle,67,72,him the,of Cumberlande,him the Earle of Cumberlande
614,Earle,4,9,The,of Sussex,The Earle of Sussex
614,Earle,87,92,"North,The",of Suslex,"North,The Earle of Suslex"
614,Earle,590,595,with the,of Rutland,with the Earle of Rutland
614,Raufe,687,692,sir,Sadler,sir Raufe Sadler
614,sir,683,686,"horsmen,",Raufe,"horsmen, sir Raufe"
614,William,719,726,Lord,Eures,Lord William Eures
615,Charles,1420,1427,Master,Howarde,Master Charles Howarde
615,Earle,782,787,by the,of Warwike,by the Earle of Warwike
615,Earle,1095,1100,"Warwike,The",of Warwike,"Warwike,The Earle of Warwike"
615,Edwarde,502,509,with,Dakers,with Edwarde Dakers
615,Erle,85,89,met the,of,met the Erle of
615,Erle,617,621,by the,of Sussex,by the Erle of Sussex
615,Erle,1075,1079,beside the,of Warwike,beside the Erle of Warwike
615,Erle,1522,1526,vnder the,of Warwike,vnder the Erle of Warwike
615,Frauncis,1597,1605,,Knolles,Frauncis Knolles
615,George,4,10,Sir,Bowes,Sir George Bowes
615,Henrie,1544,1550,yong,Knolles,yong Henrie Knolles
615,Sir,0,3,,George,Sir George
615,sir,1575,1578,sonne to,,sonne to sir
616,Earle,520,525,vpon the,of Warwike,vpon the Earle of Warwike
616,Erle,203,207,whereas the,of Warwike,whereas the Erle of Warwike
616,Erle,711,715,from the,of Suffer,from the Erle of Suffer
616,Erle,753,757,vnto the,of Warwik,vnto the Erle of Warwik
616,Erle,1052,1056,vpon the,of  Sussex,vpon the Erle of  Sussex
616,Robert,352,358,,Glouer,Robert Glouer
617,Earle,4,9,The,of Warwike,The Earle of Warwike
617,Earle,65,70,But the,of Sussex,But the Earle of Sussex
618,George,380,386,The Sir,,The Sir George
618,Sir,376,379,The,George,The Sir George
621,maister,225,232,his,with,his maister with
622,Iohn,997,1001,and Sir,,and Sir Iohn
622,Sir,993,996,and,Iohn,and Sir Iohn
625,George,367,373,"horsemenne,",Henry,"horsemenne, George Henry"
625,Henry,374,379,George,and Machal,George Henry and Machal
625,Iohn,300,304,welled sir,Forster,welled sir Iohn Forster
625,sir,296,299,welled,Iohn,welled sir Iohn
628,Bishop,143,149,Tho.,of Poklinton,Tho. Bishop of Poklinton
628,Iohn,74,78,"Askue,",Fulthorpe,"Askue, Iohn Fulthorpe"
628,Robert,110,116,"Esquires,",Peneman,"Esquires, Robert Peneman"
629,Earle,8,13,William,of Pembroke,William Earle of Pembroke
629,Knight,46,52,"Cardiffe,",of,"Cardiffe, Knight of"
629,William,0,7,,Earle,William Earle
630,Earle,4,9,The,of Sussex,The Earle of Sussex
630,Lard,1141,1145,to the,of  Buclewgh,to the Lard of  Buclewgh
630,sir,469,472,"Marches,",,"Marches, sir"
630,William,491,498,,Drurie,William Drurie
631,Earle,2299,2304,vnto the,of Sussex,vnto the Earle of Sussex
631,Iohn,23,27,Sir,Forster,Sir Iohn Forster
631,Iohn,71,75,sir,Forster,sir Iohn Forster
631,Lard,1645,1649,daye the,of Sesford,daye the Lard of Sesford
631,Sir,19,22,,Iohn,Sir Iohn
631,sir,67,70,,Iohn,sir Iohn
633,Lard,175,179,to the,of Burlewgh,to the Lard of Burlewgh
634,sir,122,125,Marshall,William,Marshall sir William
634,William,126,133,Marshall sir,Drurie,Marshall sir William Drurie
638,George,186,192,Sir,Bowes,Sir George Bowes
638,Sir,182,185,"Eures,",George,"Eures, Sir George"
639,Earle,26,31,the,of Sussex,the Earle of Sussex
639,maister,131,138,"Honnesdon,",Drurie,"Honnesdon, maister Drurie"
640,maister,44,51,forth,Drurie,forth maister Drurie
640,maister,348,355,,Drurie,maister Drurie
641,Earle,54,59,,of Sussex,Earle of Sussex
643,Earle,23,28,The,of Sussex,The Earle of Sussex
643,maister,188,195,,Drurie,maister Drurie
646,maister,37,44,Marshall,Drurie,Marshall maister Drurie
647,maister,153,160,their,Gunner,their maister Gunner
647,maister,315,322,the,Gunner,the maister Gunner
647,maister,521,528,"peece,The",Gunner,"peece,The maister Gunner"
648,maister,219,226,Marshall,Drurie,Marshall maister Drurie
648,maister,284,291,theyr,",","theyr maister ,"
649,Gray,208,212,Gylbert,the Lorde,Gylbert Gray the Lorde
649,maister,13,20,Marshall,Drurie,Marshall maister Drurie
649,William,125,132,vnto,Trotter,vnto William Trotter
650,maister,122,129,seruant of,Drurie,seruant of maister Drurie
651,maister,371,378,Marshall,Drurie,Marshall maister Drurie
652,maister,133,140,sayde,Drurie,sayde maister Drurie
653,Queene,418,424,in the,of Englands,in the Queene of Englands
655,Erle,156,160,the,of Northumberlands,the Erle of Northumberlands
655,William,277,284,named,God saue,named William God saue
660,maister,40,47,sente,William,sente maister William
660,William,48,55,maister,Drurie,maister William Drurie
661,Duke,191,195,the,of Chastellerault,the Duke of Chastellerault
661,Duke,888,892,sayde,of Chastrautes,sayde Duke of Chastrautes
661,Duke,1308,1312,aduersaries the,and his,aduersaries the Duke and his
661,Earle,154,159,of the,of Murrey,of the Earle of Murrey
661,Earle,564,569,,of  then,Earle of  then
661,Queene,1044,1050,wythoute the,of Englandes,wythoute the Queene of Englandes
662,Erle,44,48,commaundement the,of Sussex,commaundement the Erle of Sussex
662,Erle,260,264,sayd,of of,sayd Erle of of
662,maister,133,140,ordeined,William,ordeined maister William
662,William,141,148,maister,Drurie,maister William Drurie
663,Earle,26,31,to the,of Sussex,to the Earle of Sussex
663,Earle,398,403,said,made,said Earle made
663,Erle,151,155,with the,of Lenox,with the Erle of Lenox
663,prince,1131,1137,,& country,prince & country
663,sir,66,69,instituted,Wil.,instituted sir Wil.
663,sir,281,284,sayd,William,sayd sir William
663,William,285,292,sayd sir,,sayd sir William
664,George,265,271,sir,Carie,sir George Carie
664,Robert,287,293,and sir,Conestable,and sir Robert Conestable
664,Sir,208,211,knights.,Wil.,knights. Sir Wil.
664,sir,224,227,"Drury,",Thomas,"Drury, sir Thomas"
664,sir,261,264,"Maners,",George,"Maners, sir George"
664,sir,283,286,and,Robert,and sir Robert
664,sir,328,331,sayde,,sayde sir
664,Thomas,228,234,sir,,sir Thomas
664,William,350,357,,Drurie,William Drurie
665,Iohn,687,691,captaine,Conestable,captaine Iohn Conestable
665,Robert,553,559,of sir,Conestable,of sir Robert Conestable
665,sir,549,552,of,Robert,of sir Robert
665,sir,626,629,copanie of,Tho.,copanie of sir Tho.
667,Earle,99,104,,of Lenox,Earle of Lenox
667,sir,57,60,same day,William,same day sir William
667,William,61,68,day sir,Drurie,day sir William Drurie
668,duke,409,413,that the,of Chastellerault,that the duke of Chastellerault
669,Duke,270,274,sayde,of Chastellerault,sayde Duke of Chastellerault
671,Robert,37,43,sir,Conestable,sir Robert Conestable
671,sir,33,36,"May,",Robert,"May, sir Robert"
671,William,376,383,Generall,Drurie,Generall William Drurie
672,Duke,4,8,The,of Chastell,The Duke of Chastell
673,Sir,18,21,"May,",William,"May, Sir William"
673,William,22,29,Sir,Drurie,Sir William Drurie
674,Archbishop,345,355,the,of Saint,the Archbishop of Saint
674,duke,417,421,to the,of Chastellereault,to the duke of Chastellereault
675,Knight,1758,1764,Lorde,receyued,Lorde Knight receyued
675,Queene,364,370,,of Englandes,Queene of Englandes
675,Sir,6,9,After,William,After Sir William
675,William,10,17,After Sir,Drury,After Sir William Drury
676,Iohn,805,809,named,Fleming,named Iohn Fleming
676,maister,1004,1011,that his,was a,that his maister was a
676,Queene,1381,1387,,of Englande,Queene of Englande
676,Sir,14,17,"incling,",William,"incling, Sir William"
676,Sir,101,104,of Ma,William,of Ma Sir William
676,Sir,351,354,sayde,William,sayde Sir William
676,William,18,25,"incling,Sir",Drurie,"incling,Sir William Drurie"
676,William,105,112,Ma Sir,Drurie,Ma Sir William Drurie
676,William,355,362,sayde Sir,,sayde Sir William
678,George,238,244,where sir,Carie,where sir George Carie
678,George,403,409,,Caries,George Caries
678,George,743,749,thanked Sir,very,thanked Sir George very
678,Sir,19,22,,William,Sir William
678,sir,234,237,where,George,where sir George
678,Sir,378,381,"Generall,",,"Generall, Sir"
678,Sir,739,742,thanked,George,thanked Sir George
678,William,23,30,Sir,Drurie,Sir William Drurie
679,George,13,19,Herevpon Sir,Carie,Herevpon Sir George Carie
679,Sir,9,12,Herevpon,George,Herevpon Sir George
680,George,29,35,Sir,Caries,Sir George Caries
680,Sir,25,28,,George,Sir George
681,GEorge,0,6,,Carie,GEorge Carie
684,Earle,46,51,May the,of,May the Earle of
684,Erle,101,105,with the,of Glenrn,with the Erle of Glenrn
684,Sir,358,361,presence of,William,presence of Sir William
684,William,362,369,of Sir,Drury,of Sir William Drury
685,Andrew,293,299,named,Hamilton,named Andrew Hamilton
685,Earle,44,49,the,of Lenoux,the Earle of Lenoux
685,Sir,20,23,Maye,William,Maye Sir William
685,Sir,391,394,with,William,with Sir William
685,William,24,31,Maye Sir,Drurye,Maye Sir William Drurye
685,William,395,402,with Sir,Drury,with Sir William Drury
686,George,65,71,and Sir,Carie,and Sir George Carie
686,George,694,700,with Sir,Carie,with Sir George Carie
686,Sir,11,14,"Heerevpon,",William,"Heerevpon, Sir William"
686,Sir,61,64,and,George,and Sir George
686,Sir,258,261,"with him,",William,"with him, Sir William"
686,Sir,690,693,with,George,with Sir George
686,William,15,22,Sir,Drury,Sir William Drury
686,William,262,269,"him,Sir",Drury,"him,Sir William Drury"
688,Sir,183,186,whom,William,whom Sir William
688,sir,421,424,charge of,,charge of sir
688,Thomas,443,449,,Maners,Thomas Maners
688,William,187,194,whom Sir,Drury,whom Sir William Drury
690,Abbot,283,288,the,of Kilwinnings,the Abbot of Kilwinnings
691,Iames,218,223,sister of,Hamilton,sister of Iames Hamilton
694,George,248,254,sir,Carie,sir George Carie
694,sir,18,21,Maye,William,Maye sir William
694,sir,244,247,sente,George,sente sir George
694,William,22,29,Maye sir,Drury,Maye sir William Drury
697,George,286,292,and sir,Carie,and sir George Carie
697,sir,282,285,and,George,and sir George
698,Queene,219,225,of the,of Englande,of the Queene of Englande
698,Sir,750,753,But,William,But Sir William
698,William,754,761,But Sir,Drury,But Sir William Drury
700,Earle,86,91,the,,the Earle
700,Earle,256,261,"pardon,The",of,"pardon,The Earle of"
702,Earle,415,420,of the,of Morton,of the Earle of Morton
702,Earle,1016,1021,as the,of Sussex,as the Earle of Sussex
702,sir,60,63,vttred by,William,vttred by sir William
702,William,64,71,by sir,Drury,by sir William Drury
703,duke,4,8,The,of Chastellereaults,The duke of Chastellereaults
703,Duke,93,97,"rased,The",of Chastellereaultes,"rased,The Duke of Chastellereaultes"
703,Duke,204,208,said,", called","said Duke , called"
704,Queene,753,759,at the,of Englandes,at the Queene of Englandes
705,Sir,1287,1290,"shorte,",Thomas,"shorte, Sir Thomas"
705,Sir,1324,1327,sent,,sent Sir
705,Thomas,1291,1297,"shorte,Sir",Maners,"shorte,Sir Thomas Maners"
705,Thomas,1346,1352,,Maners,Thomas Maners
706,Sir,27,30,"come,",William,"come, Sir William"
706,William,31,38,Sir,Drewry,Sir William Drewry
711,Robert,62,68,with sir,Conestable,with sir Robert Conestable
711,sir,58,61,with,Robert,with sir Robert
713,Byshop,123,129,on the,of Londons,on the Byshop of Londons
713,Iohn,444,448,one,,one Iohn
716,George,1378,1384,And,,And George
716,Iohn,68,72,vnto,Kensey,vnto Iohn Kensey
716,Iohn,327,331,,Throckmorton,Iohn Throckmorton
716,Iohn,1033,1037,were,Throckmorton,were Iohn Throckmorton
716,maister,262,269,"wherevpon,",Drewghe,"wherevpon, maister Drewghe"
716,Roberte,615,622,sir,Catlin,sir Roberte Catlin
716,sir,611,614,,Roberte,sir Roberte
716,Thomas,27,33,vttered by,Kete,vttered by Thomas Kete
716,Thomas,1316,1322,executed,Brooke,executed Thomas Brooke
717,Duke,23,27,The,of Norffolke,The Duke of Norffolke
717,Duke,93,97,the,of Northfolke,the Duke of Northfolke
718,Bishop,178,184,of the,of Londons,of the Bishop of Londons
718,Iohn,109,113,"Londo,",Felton,"Londo, Iohn Felton"
718,Iohn,468,472,executed.,Felton,executed. Iohn Felton
719,Earle,62,67,by the,of Sussex,by the Earle of Sussex
719,Earle,83,88,the,,the Earle
719,Edward,602,608,belonging to,,belonging to Edward
719,William,1459,1466,perteyning to,Maxwell,perteyning to William Maxwell
720,Arthur,142,148,beeing,Greames,beeing Arthur Greames
720,Edwarde,418,425,Sir,Hastings,Sir Edwarde Hastings
720,Erle,300,304,by the,of Sussex,by the Erle of Sussex
720,Francis,440,447,Sir,Russell,Sir Francis Russell
720,George,206,212,Riche,", two","Riche George , two"
720,Henry,543,548,Sir,Curwen,Sir Henry Curwen
720,Robert,521,527,Sir,Stapleton,Sir Robert Stapleton
720,Sir,414,417,"Knightes,",Edwarde,"Knightes, Sir Edwarde"
720,Sir,436,439,"Hastings,",Francis,"Hastings, Sir Francis"
720,Sir,457,460,"Russell,",Valentine,"Russell, Sir Valentine"
720,Sir,479,482,"Browne,",,"Browne, Sir"
720,Sir,517,520,"Hilton,",Robert,"Hilton, Sir Robert"
720,Sir,539,542,"Stapleton,",Henry,"Stapleton, Sir Henry"
720,Sir,557,560,"Curwen,",Simon,"Curwen, Sir Simon"
720,William,501,508,,Hilton,William Hilton
721,Thomas,316,322,therof by,Knel,therof by Thomas Knel
723,maister,24,31,one,,one maister
726,maister,9,16,Also one,Lee at,Also one maister Lee at
731,Nicholas,65,73,was one,,was one Nicholas
733,Thomas,10,16,one,Smith,one Thomas Smith
743,Maister,0,7,,Smith,Maister Smith
745,Maister,0,7,,Pellham,Maister Pellham
749,Maister,0,7,,Dymock,Maister Dymock
750,Maister,0,7,,Marsh,Maister Marsh
751,Maister,0,7,,Madison,Maister Madison
752,Maister,0,7,,William,Maister William
752,Maister,51,58,"Askugh,",Merin,"Askugh, Maister Merin"
752,Maister,99,106,,Fitz,Maister Fitz
752,Sir,34,37,"Kelsey,",Hugh,"Kelsey, Sir Hugh"
752,William,8,15,Maister,Askugh,Maister William Askugh
762,Henry,4,9,Sir,Ley Knight,Sir Henry Ley Knight
762,Knight,14,20,Henry Ley,(dwelling,Henry Ley Knight (dwelling
762,Sir,0,3,,Henry,Sir Henry
763,William,250,257,if one,,if one William
763,William,411,418,same,White,same William White
770,maister,152,159,one,,one maister
781,Sir,355,358,"Bursse, to",Thomas,"Bursse, to Sir Thomas"
781,Thomas,359,365,to Sir,Greshams,to Sir Thomas Greshams
785,Charles,147,154,Maiestie to,the ninth,Maiestie to Charles the ninth
785,Sir,39,42,"Candlemas,",Thomas,"Candlemas, Sir Thomas"
785,Thomas,43,49,Sir,Sackuille,Sir Thomas Sackuille
789,Marques,317,324,with the,of Trans,with the Marques of Trans
789,Marques,677,684,wherewith the,was sore,wherewith the Marques was sore
792,Frauncis,592,600,maister,Walsingham,maister Frauncis Walsingham
792,maister,584,591,and,Frauncis,and maister Frauncis
792,Sir,522,525,also,Henrye,also Sir Henrye
795,Charles,244,251,"Oxforde,",Howard,"Oxforde, Charles Howard"
795,Earle,391,396,to the,of,to the Earle of
795,Edward,202,208,were,,were Edward
795,Erle,227,231,,of Oxforde,Erle of Oxforde
795,Henry,264,269,Sir,"Lee,","Sir Henry Lee,"
795,Howard,252,258,Charles,", Sir","Charles Howard , Sir"
795,Sir,260,263,"Howard,",Henry,"Howard, Sir Henry"
796,Doctor,19,25,,Story,Doctor Story
796,Doctor,92,98,,of the,Doctor of the
796,Iohn,60,64,"Iune,",Story,"Iune, Iohn Story"
797,Erle,1098,1102,honorable the,of Leycester,honorable the Erle of Leycester
797,George,908,914,one,Thorne,one George Thorne
797,George,3126,3132,downe by,,downe by George
797,George,5283,5289,sureties of,Thorne,sureties of George Thorne
797,Henry,1007,1012,broughte,Nayler,broughte Henry Nayler
797,Henry,3831,3836,with sir,,with sir Henry
797,Henry,4237,4242,sureties of,Nailer,sureties of Henry Nailer
797,Henry,5374,5379,immediately Sir,Cheyney,immediately Sir Henry Cheyney
797,Iohn,312,316,and,Kime,and Iohn Kime
797,sir,3737,3740,then,,then sir
797,sir,3827,3830,with,Henry,with sir Henry
797,Sir,4356,4359,"therevppon,",Ierome,"therevppon, Sir Ierome"
797,Sir,5370,5373,immediately,Henry,immediately Sir Henry
797,Thomas,398,404,againste,Paramore,againste Thomas Paramore
797,Thomas,809,815,sayd,Paramour,sayd Thomas Paramour
797,Thomas,6221,6227,,Thorne,Thomas Thorne
798,George,50,56,agayne to,Thorne,agayne to George Thorne
799,Thomas,115,121,wife to,Chamber,wife to Thomas Chamber
799,Thomas,206,212,said,Chamber,said Thomas Chamber
800,Duke,19,23,,of Norffolke,Duke of Norffolke
800,Duke,107,111,the,of Norffolke,the Duke of Norffolke
801,Bishop,56,62,Iewell,of Salisbury,Iewell Bishop of Salisbury
801,Bishop,76,82,"Salisbury,",of Salisbury,"Salisbury, Bishop of Salisbury"
801,Iohn,44,48,deceassed,Iewell,deceassed Iohn Iewell
802,William,173,180,by M.,Foulkes,by M. William Foulkes
803,Maister,1372,1379,chiefe,of the,chiefe Maister of the
803,sir,58,61,London,William,London sir William
803,William,62,69,London sir,Allin,London sir William Allin
810,Iohn,499,503,"estimation,",Cardone,"estimation, Iohn Cardone"
811,Counte,455,461,and the,de Santa,and the Counte de Santa
811,Iohn,309,313,was Don,de Austria,was Don Iohn de Austria
812,Duke,108,112,to the,of,to the Duke of
813,Earle,25,30,"December,",of Kent,"December, Earle of Kent"
813,Earle,109,114,restored,of Kente,restored Earle of Kente
814,Peeter,93,99,William,Knyghte,William Peeter Knyghte
814,Sir,26,29,"Ianuary,",William,"Ianuary, Sir William"
814,Sir,81,84,deceassed,William,deceassed Sir William
814,William,30,37,"Ianuary,Sir",Peter,"Ianuary,Sir William Peter"
814,William,85,92,deceassed Sir,Peeter,deceassed Sir William Peeter
815,Duke,73,77,,of Norffolke,Duke of Norffolke
815,Duke,144,148,Howarde,of Northfolke,Howarde Duke of Northfolke
815,Earle,266,271,"Talbot,",of Shrewsburye,"Talbot, Earle of Shrewsburye"
815,George,227,233,before,Lorde,before George Lorde
815,Thomas,129,135,Lord,Howarde,Lord Thomas Howarde
817,Duke,0,4,,of Norffolke,Duke of Norffolke
818,Henry,182,187,and,Rolfe,and Henry Rolfe
819,Earle,162,167,deceased.,of Wilshire,deceased. Earle of Wilshire
819,Iohn,90,94,Sainte,",Sir William","Sainte Iohn ,Sir William"
819,Marques,181,188,"Wilshire,",,"Wilshire, Marques"
819,Sir,31,34,deceassed,William,deceassed Sir William
819,Sir,95,98,"Iohn,",William,"Iohn, Sir William"
819,William,35,42,deceassed Sir,Paulet,deceassed Sir William Paulet
819,William,99,106,"Iohn,Sir",Paulet,"Iohn,Sir William Paulet"
820,Richarde,103,111,Kyng,the thyrde,Kyng Richarde the thyrde
821,Edwarde,108,115,"eyght,",the sixt,"eyght, Edwarde the sixt"
821,Elizabeth,150,159,Queene,. All,Queene Elizabeth . All
821,Henry,73,78,"seuenth,",the,"seuenth, Henry the"
821,Queene,126,132,"sixt,",Mary,"sixt, Queene Mary"
821,Queene,143,149,and,Elizabeth,and Queene Elizabeth
825,Earle,175,180,created,of Essex,created Earle of Essex
825,Earle,270,275,created,of Lincolne,created Earle of Lincolne
825,Edwarde,195,202,And,Fines,And Edwarde Fines
826,Henry,165,170,Sir,Compton,Sir Henry Compton
826,Knight,179,185,Compton,", Lorde","Compton Knight , Lorde"
826,Sir,161,164,made.,Henry,made. Sir Henry
826,Sir,235,238,"hole,",Henrye,"hole, Sir Henrye"
826,Sir,282,285,"Todington,",William,"Todington, Sir William"
826,Sir,342,345,and,Henrye,and Sir Henrye
826,William,286,293,Sir,Paulet,Sir William Paulet
828,Arthur,290,296,named,Hall,named Arthur Hall
829,Arthur,34,40,said,Hall,said Arthur Hall
829,Arthur,146,152,said,had wel,said Arthur had wel
829,Arthur,440,446,saide,was waying,saide Arthur was waying
829,Arthur,610,616,said,on the,said Arthur on the
829,Doctor,242,248,hathe,Gardners,hathe Doctor Gardners
829,Laurence,1811,1819,Saint,Pontney,Saint Laurence Pontney
829,Roberte,1835,1842,named,Gee a,named Roberte Gee a
831,Arthur,358,364,Sir,Chambernowne,Sir Arthur Chambernowne
831,Earle,19,24,,of Lin,Earle of Lin
831,Earle,142,147,honorable,of Lincolne,honorable Earle of Lincolne
831,Edward,424,430,and Sir,Hastings,and Sir Edward Hastings
831,Sir,354,357,"Clinton,",Arthur,"Clinton, Sir Arthur"
831,Sir,379,382,"Chambernowne,",,"Chambernowne, Sir"
831,Sir,420,423,and,Edward,and Sir Edward
832,Francis,686,693,"party,",M,"party, Francis M"
832,Maister,871,878,and,,and Maister
832,Queene,830,836,,of England,Queene of England
832,Sir,849,852,"England,",Thomas,"England, Sir Thomas"
832,Thomas,853,859,Sir,Smyth,Sir Thomas Smyth
833,Duke,359,363,,of Aniou,Duke of Aniou
833,Duke,432,436,,of Alanson,Duke of Alanson
835,Duke,94,98,"eight,",of Norffolke,"eight, Duke of Norffolke"
835,Duke,135,139,Howard,of Northfolke,Howard Duke of Northfolke
835,Howard,128,134,Thomas,Duke,Thomas Howard Duke
835,Thomas,121,127,beheaded,Howard,beheaded Thomas Howard
836,Charles,177,184,generall to,the,generall to Charles the
836,Duke,53,57,Francis,of Motmorency,Francis Duke of Motmorency
836,Francis,45,52,Ambassadors.,Duke,Ambassadors. Francis Duke
837,Duke,209,213,,of Motmorency,Duke of Motmorency
837,George,76,82,Sainte,was holden,Sainte George was holden
837,Knight,241,247,saulled,of the,saulled Knight of the
839,Thomas,24,30,"Iune,",Lorde,"Iune, Thomas Lorde"
840,Earle,357,362,The,of Sussex,The Earle of Sussex
840,Howard,300,306,William,", late","William Howard , late"
840,sir,198,201,made,William,made sir William
840,sir,409,412,,Thomas,sir Thomas
840,Thomas,413,419,sir,Smith,sir Thomas Smith
840,William,202,209,made sir,Cicill,made sir William Cicill
840,William,292,299,Lorde,Howard,Lorde William Howard
841,Earle,35,40,"Percy,",of Northumberlande,"Percy, Earle of Northumberlande"
841,Erle,70,74,beheaded.,of Northumberland,beheaded. Erle of Northumberland
841,Thomas,22,28,"August,",Percy,"August, Thomas Percy"
842,Sir,101,104,"August,",Thomas,"August, Sir Thomas"
842,Thomas,105,111,Sir,Smith,Sir Thomas Smith
842,Thomas,248,254,sonne,Smith,sonne Thomas Smith
844,Earle,34,39,"Nouember,",of Derby,"Nouember, Earle of Derby"
844,Earle,86,91,,of Derby,Earle of Derby
844,Edwarde,60,67,deceassed.,,deceassed. Edwarde
844,George,2046,2052,of his,and,of his George and
844,Prince,2177,2183,to his,as he,to his Prince as he
845,Iohn,26,30,"Nouember,",Hall,"Nouember, Iohn Hall"
847,knight,217,223,"seale,",of the,"seale, knight of the"
847,William,137,144,"Ianuarie,",Lorde,"Ianuarie, William Lorde"
850,Earle,120,125,Somerset,of Worcester,Somerset Earle of Worcester
850,Earle,404,409,sayde,with,sayde Earle with
850,Elizabeth,752,761,,. They,Elizabeth . They
850,Erle,19,23,,of Worcester,Erle of Worcester
850,Erle,516,520,"baggage,",of Worcester,"baggage, Erle of Worcester"
850,William,80,87,"Ianuarie,",,"Ianuarie, William"
851,Earle,239,244,of the,,of the Earle
851,Erle,1694,1698,robbed the,of Worcester,robbed the Erle of Worcester
851,William,783,790,charge of,Holstock,charge of William Holstock
851,William,1785,1792,sayde,Holstocke,sayde William Holstocke
853,Erle,20,24,"March,",of Kent,"March, Erle of Kent"
853,Erle,94,98,"Ruthen,",of Kent,"Ruthen, Erle of Kent"
853,Gray,78,82,Reynald,of Ruthen,Reynald Gray of Ruthen
854,George,51,57,"weke,",,"weke, George"
854,George,209,215,"Ladie,",Browne,"Ladie, George Browne"
854,George,345,351,named,Saunders,named George Saunders
854,Iohn,372,376,other,,other Iohn
855,George,62,68,sayde,Browne,sayde George Browne
855,Iohn,497,501,him and,Bean,him and Iohn Bean
855,Iohn,556,560,but,Bean,but Iohn Bean
855,Maister,189,196,that,Saunders,that Maister Saunders
855,Maister,273,280,of one,Barnes,of one Maister Barnes
855,maister,536,543,seruant to,Barnes,seruant to maister Barnes
856,George,2348,2354,"with him,",Brow,"with him, George Brow"
857,maister,1090,1097,accessaries to,Sanders,accessaries to maister Sanders
858,George,88,94,forenamed,Browne,forenamed George Browne
861,knight,113,119,Drurie,marshal,Drurie knight marshal
861,Queene,4,10,Our,at the,Our Queene at the
861,sir,76,79,appoynted,,appoynted sir
861,William,98,105,,Drurie,William Drurie
862,Frauncis,77,85,him sir,Russell,him sir Frauncis Russell
862,George,99,105,sir,Carie,sir George Carie
862,Henrie,117,123,sir,"Lee,","sir Henrie Lee,"
862,maister,129,136,"Lee,",,"Lee, maister"
862,maister,170,177,"Cecill,",Michaell,"Cecill, maister Michaell"
862,maister,265,272,Erington,of the,Erington maister of the
862,maister,429,436,"Strelley,",,"Strelley, maister"
862,maister,470,477,"Sutton,",Cotton,"Sutton, maister Cotton"
862,maister,486,493,"Cotton,",Kelway,"Cotton, maister Kelway"
862,maister,502,509,"Kelway,",Dier,"Kelway, maister Dier"
862,maister,516,523,"Dier,",Tilney,"Dier, maister Tilney"
862,sir,38,41,sayde,William,sayde sir William
862,sir,73,76,with him,Frauncis,with him sir Frauncis
862,sir,95,98,"Russell,",George,"Russell, sir George"
862,sir,113,116,"Carie,",Henrie,"Carie, sir Henrie"
862,Thomas,155,161,,Cecill,Thomas Cecill
862,Thomas,455,461,,Sutton,Thomas Sutton
862,William,42,49,sayde sir,Dunrie,sayde sir William Dunrie
863,knight,44,50,"Graunge,",", for","Graunge, knight , for"
863,Sir,0,3,,William,Sir William
863,William,4,11,Sir,Kirkaudie,Sir William Kirkaudie
867,maister,29,36,one,Maunsfield,one maister Maunsfield
868,maister,19,26,"May,",Neuill,"May, maister Neuill"
873,Frauncis,60,68,dutie.Sir,Russell,dutie.Sir Frauncis Russell
873,Sir,56,59,dutie.,Frauncis,dutie. Sir Frauncis
874,Elizabeth,1159,1168,Queene,a,Queene Elizabeth a
874,Queene,1152,1158,"England,",Elizabeth,"England, Queene Elizabeth"
874,Robert,573,579,and,Meluin,and Robert Meluin
874,Sir,824,827,handes of,William,handes of Sir William
874,William,828,835,of Sir,Drurie,of Sir William Drurie
875,sir,78,81,sayde,William,sayde sir William
875,sir,231,234,sayde,William,sayde sir William
875,William,82,89,sayde sir,Drurie,sayde sir William Drurie
875,William,235,242,sayde sir,Drurie,sayde sir William Drurie
878,sir,51,54,policie of,William,policie of sir William
878,William,55,62,of sir,Drurie,of sir William Drurie
880,Frauncis,634,642,Sir,Russel,Sir Frauncis Russel
880,George,1581,1587,SIr,Carie,SIr George Carie
880,Henrie,687,693,Maister,Killigrew,Maister Henrie Killigrew
880,Henry,1627,1632,Sir,Lee Knight,Sir Henry Lee Knight
880,Henry,1761,1766,Maister,Carie,Maister Henry Carie
880,Knight,650,656,Russel,.,Russel Knight .
880,Knight,1594,1600,Carie,.,Carie Knight .
880,Knight,1637,1643,Henry Lee,.,Henry Lee Knight .
880,Maister,679,686,,Henrie,Maister Henrie
880,maister,860,867,Erington,of the,Erington maister of the
880,Maister,1343,1350,,Thomas,Maister Thomas
880,Maister,1666,1673,,Thomas,Maister Thomas
880,Maister,1709,1716,,Michael,Maister Michael
880,Maister,1753,1760,,Henry,Maister Henry
880,Maister,1795,1802,,VVilliam,Maister VVilliam
880,Maister,1842,1849,,Thomas,Maister Thomas
880,Maister,1886,1893,,Cotton,Maister Cotton
880,Maister,1923,1930,,Kelway,Maister Kelway
880,Maister,1960,1967,,Dier,Maister Dier
880,Maister,1995,2002,,Tilney,Maister Tilney
880,Maister,2032,2039,,VVilliam,Maister VVilliam
880,Maister,2080,2087,,VVilliam,Maister VVilliam
880,SIr,525,528,,VVilliam,SIr VVilliam
880,Sir,630,633,,Frauncis,Sir Frauncis
880,SIr,1577,1580,,George,SIr George
880,Sir,1623,1626,,Henry,Sir Henry
880,Thomas,19,25,"Iune,",Woodhouse,"Iune, Thomas Woodhouse"
880,Thomas,36,42,"Woodhouse,",Woodhouse,"Woodhouse, Thomas Woodhouse"
880,Thomas,1351,1357,Maister,Barton,Maister Thomas Barton
880,Thomas,1674,1680,Maister,Cecil,Maister Thomas Cecil
880,Thomas,1850,1856,Maister,Sutton,Maister Thomas Sutton
889,Erle,28,32,Walter,of Essex,Walter Erle of Essex
890,Earle,4,9,The,after,The Earle after
890,Earle,949,954,to the,of Essex,to the Earle of Essex
890,maister,340,347,"Malbie,",Smith,"Malbie, maister Smith"
890,maister,431,438,,Malbis,maister Malbis
890,Sir,759,762,Dartes.,Bryan,Dartes. Sir Bryan
891,erle,181,185,to the,", to signifie","to the erle , to signifie"
892,Earle,266,271,Commission the,of Essex,Commission the Earle of Essex
892,Erle,4,8,The,of Essex,The Erle of Essex
892,Erle,58,62,"other,",of Essex,"other, Erle of Essex"
893,Bishop,1000,1006,Edwin,of London,Edwin Bishop of London
893,Bishop,1657,1663,as the,his Ordinarie,as the Bishop his Ordinarie
893,Iohn,211,215,named,Hawkins,named Iohn Hawkins
893,Maister,656,663,sayde,Hawkins,sayde Maister Hawkins
893,sir,296,299,with,William,with sir William
893,William,300,307,with sir,Winter,with sir William Winter
894,maister,1134,1141,wounded,Hawkins,wounded maister Hawkins
896,Iohn,834,838,and one,Cowper,and one Iohn Cowper
896,Thomas,785,791,one,,one Thomas
901,Charles,164,171,London for,,London for Charles
916,Marie,389,394,virgin,.,virgin Marie .
921,Archbishop,18,28,"of May,",of Canterburie,"of May, Archbishop of Canterburie"
929,Elizabeth,294,303,names of,", Marie","names of Elizabeth , Marie"
929,Margaret,312,320,"Marie,",", and","Marie, Margaret , and"
929,Marie,305,310,"Elizabeth,",", Margaret","Elizabeth, Marie , Margaret"
935,Prince,280,286,with the,of Orange,with the Prince of Orange
935,Prince,699,705,,of Orange,Prince of Orange
935,Prince,1270,1276,with the,of Orange,with the Prince of Orange
935,Prince,1780,1786,to the,arrested,to the Prince arrested
935,William,2291,2298,"y, &",Godard,"y, & William Godard"
936,Counte,349,355,yong,de Egmont,yong Counte de Egmont
936,Doctor,1313,1319,ouer of,Wilson,ouer of Doctor Wilson
936,Marques,372,379,the,de Hauery,the Marques de Hauery
936,Prince,247,253,with the,of Orange,with the Prince of Orange
940,Earle,16,21,Deueroux,of Essex,Deueroux Earle of Essex
940,Earle,39,44,and Eu,Marshall,and Eu Earle Marshall
940,Earle,330,335,"therewith,The",of Essex,"therewith,The Earle of Essex"
940,Knight,66,72,"Ireland,",of the,"Ireland, Knight of the"
943,Iohn,231,235,,Stow,Iohn Stow
943,Richarde,172,180,abridgement of,Grafton,abridgement of Richarde Grafton
944,Elizabeth,369,378,Queene,", whose","Queene Elizabeth , whose"
944,Maister,1021,1028,rehearsed by,Bale,rehearsed by Maister Bale
944,Queene,362,368,Lady,Elizabeth,Lady Queene Elizabeth
